emp_no,last_name,first_name,sex,salary
263976,Cusworth,Eran,M,40000
461591,Samarati,Xudong,M,40000
477657,Magliocco,Lihong,M,54816
29920,Tyugu,Shuichi,F,40000
13616,Lorho,Perry,F,40000
246449,Bultermann,Subbu,F,87084
21529,Zallocco,Bojan,M,40000
17934,Wuwongse,Bilhanan,M,48795
48085,Gilg,Venkatesan,M,63016
240129,Karnin,Roddy,M,43548
427958,Poujol,Feixiong,F,63377
280408,Perl,Elliott,M,75963
104639,Escriba,Theron,F,40000
214555,Copas,Nechama,F,40000
229010,Cappelli,Mark,M,40000
35916,Talmon,Wonhee,F,40000
67799,Cools,Pantung,M,48111
411412,Schaar,Hairong,M,42348
105597,Kabayashi,Christfried,M,43841
244689,Saoudi,Urs,M,40000
48885,Antonisse,Phuoc,M,55736
244492,Pettit,Shaunak,M,63685
215615,Chinal,Bader,F,40000
95280,Hiraishi,Owen,F,40000
43471,Gihr,Mechthild,F,40023
289261,Nollmann,Gad,M,63068
26941,Masamoto,Shigeu,M,40000
444985,Verspoor,Giap,F,71042
492723,Sanella,Piyawadee,M,46740
425656,Imataki,Basem,M,40000
430653,Peroz,Masoud,F,69077
222134,Speer,Qunsheng,M,48391
406318,Gunderson,Hitomi,M,55145
259126,Encarnacion,Dines,M,70329
42625,Swick,Harngdar,F,55095
451259,Milicic,Zhenhua,M,46138
225842,Schmezko,Bowen,M,40000
205366,Shimshoni,Kazuhira,F,80518
212882,Pietracaprina,Changho,F,40000
21620,Pramanik,Shaowen,M,40000
223670,Chinin,Erez,F,40000
403328,Kroha,Shem,M,40000
292694,Demizu,Kauko,M,40000
37601,Naumovich,Gilbert,M,58896
14097,Gniady,Khalil,M,70604
221689,Harllee,Fayez,F,67589
62117,Crouzet,Bojan,F,40000
209527,Danlos,Sashi,M,40000
11980,Pews,Yechezkel,M,58241
270258,Hasenauer,Feipei,M,40000
492191,Vakili,Remco,F,49502
457800,Domenig,Stabislas,M,64014
201769,Merel,Jayesh,M,48427
56049,Waymire,Felicidad,F,76782
414537,Businaro,Chikara,M,78474
414885,Vecchi,Candido,M,81272
474291,Jumpertz,Juichirou,M,40000
451340,Zyda,Satosi,M,40000
246896,Baik,Francoise,F,60075
474804,Merlo,Ziva,M,85737
109600,Chvatal,Xuejun,M,78057
230858,Dayana,Conal,F,57381
53312,Lagarias,Quingbo,M,70268
231751,Lunn,Van,F,40000
98882,Vanwelkenhuysen,Yishay,F,40000
42924,Felcyn,Mads,F,40000
430484,Soicher,Hairong,F,40000
211383,Candan,Uli,M,54215
427027,Butner,Patricio,M,40000
219797,Demeyer,Neelam,M,40000
439788,Setia,Irene,F,40000
207791,Schmittgen,Jahangir,M,43645
205714,Ellozy,Anwar,M,51903
423740,Bardell,Jaroslava,F,46599
207996,Milicic,Tianruo,F,63332
286451,Swiler,Shuichi,M,40000
30871,Glowinski,Michaela,M,40000
260621,Binding,Christophe,M,54758
239616,Benveniste,Chenyi,M,48836
260402,Bach,Kwok,M,40000
279559,Cronan,Jasminko,F,83729
470413,Poehlman,Uzi,M,70750
486205,Baez,Bodh,F,40875
486568,Pappas,Kiam,M,57499
478993,Buchter,Danny,M,44327
476968,Wallrath,Shaleah,M,47937
93898,Alameldin,Zdislav,F,41273
25597,Gecsei,Emran,M,51902
496161,Stille,Tonny,M,84192
452506,Bahr,Val,F,48359
46470,Rassart,Adhemar,M,40000
251789,Servi,Apostol,M,49636
80738,Rouquie,Udi,M,40000
437837,Brandsma,Abdulah,M,41789
404252,Condotta,Ziya,M,40000
293313,Trelles,Dinkar,F,53910
208208,Delgrossi,Jianhua,M,53107
418149,Luiz,Xuejun,M,40000
435490,Covnot,Zhensheng,M,57242
85550,Peak,Gro,M,40000
213716,Waleschkowski,Ibibia,M,40000
484774,Cherinka,Brigham,M,52782
480539,Roisin,Boriana,M,61560
101125,Eickenmeyer,Teiji,M,43376
57730,Leijenhorst,Shuichi,M,93308
279067,Rajaraman,Szabolcs,F,40000
458896,Perri,Stabislas,M,53545
441170,Munck,Shir,F,60380
496147,Neiman,Jianwen,F,49993
459062,Delgrange,Suvo,M,57728
253130,Talmor,Mahmut,F,50223
472397,Matzel,Danco,M,62949
40014,Meriste,Maha,M,58163
41622,Fetvedt,Jouni,F,94694
96561,Portugali,Hercules,M,40000
258170,Sridhar,Morrie,M,40000
204958,Katzenelson,Morrie,F,52774
441662,Chenney,Hongzhu,F,56350
64385,Poujol,Lokesh,M,46571
405965,Thisen,Oguz,M,58724
11012,Speckmann,Taegyun,F,72092
82413,McFarlin,Stabislas,M,40000
452220,Schahn,Ingemar,M,40000
446313,Benzmuller,Howell,M,41757
10571,Varman,Fun,M,43658
446501,Deville,Rayond,F,63605
35711,Ghelli,Apostol,M,40000
462013,Bernardeschi,Maik,M,59984
210276,Braunmuhl,Nidapan,F,59644
258494,Asser,Rayond,F,56209
86672,Anido,JoAnne,F,40000
244316,Kuszyk,Khun,M,82344
475572,Cunliffe,Elvia,M,45086
209612,Schrooten,Honesty,F,40000
488918,Munos,Tamiya,F,64689
255456,Tibblin,Aleksandar,F,86526
19621,Albarhamtoshy,Radhakrishnan,M,40000
412477,Janetzko,Xiaobin,M,50796
404690,Morton,Hidde,M,69162
447021,Denna,Shigeu,F,40000
292420,Felder,Uma,M,40000
285589,Frolund,Uta,M,51203
213776,McAlpine,Hongzhu,M,40000
297557,Mayerwieser,Elliott,F,40000
459789,Candan,Paddy,M,59884
293141,Kaminger,Zhiwei,M,42025
495278,Bisiani,Mayuko,M,55573
208132,Krider,Sven,F,72281
77078,Vakili,Yannik,M,47537
272976,Hiraishi,Augustine,F,50778
440237,Luit,Chaoyi,M,40000
290340,Stille,Morrie,M,40000
418656,Egerstedt,Aluzio,F,77290
470712,Erva,Fox,F,40000
432752,Birrer,Huai,M,57371
238234,Murtha,Bernice,M,83027
264944,Chimia,Ugo,M,40000
451314,Demizu,Fuqing,M,66188
71064,Genther,Kokou,F,84332
410614,Baby,Valter,F,40000
218907,Schade,Chikako,F,40000
231612,Farrel,Eirik,F,53880
450610,Levergood,Wayne,M,40000
261707,Gurbaxani,Chenye,F,88512
80837,Tempesti,Nigel,F,90827
473097,Linnainmaa,Shooichi,M,53510
290492,Cummings,Sorina,F,82078
11447,Billawala,Rasiah,M,74396
288054,Erie,Odysseas,M,52812
405029,Karlin,Stevo,M,56682
30512,Bellmore,Danel,F,53916
480134,Basart,Magdalena,M,40000
75099,Vandervoorde,Arunas,M,40000
72141,Qiwen,Gilbert,F,53660
441769,Sundgren,Irena,M,93625
430062,Budinsky,Ult,M,40000
246948,Przulj,Leaf,M,84099
277082,Belinskaya,Phule,M,40000
29239,Rosca,Nagui,M,62649
277149,Spinelli,Kellie,F,40000
218904,Nastansky,Nakhoon,M,58815
251732,Fortenbacher,Junsik,M,49425
202995,Strandh,Margareta,F,71247
422949,Stentiford,Vishv,M,40000
66872,Itschner,Herbert,M,70549
491499,Perz,Heather,F,57319
281244,Vural,Marke,F,40000
75219,Fritzsche,Reinhold,M,40000
90738,Christianini,Pranav,M,40000
45381,McFarlan,Masaki,F,49709
415948,Ashish,Marin,M,40000
65328,Erde,Muneo,F,40000
279041,Delaune,JiYoung,M,40000
402841,Barinka,Dayanand,M,43370
439346,Takanami,Kellyn,M,67780
39966,Beidas,Utpal,F,46206
466414,Wroclawski,Jordanka,M,40000
461748,Wallrath,Shim,M,78452
262129,Schnabel,Moon,F,41299
81113,Hofting,Sarita,M,40000
481729,Setlzner,Doowon,M,75615
479077,Kusalik,Premsyl,M,40000
70241,Garigliano,Arumugam,F,68202
214156,Rijckaert,Giap,M,62505
81567,Nilsson,Doohun,M,40000
445621,Impagliazzo,Shmuel,M,78328
61030,Seiwald,Thodoros,F,54718
270704,Leivant,Rosella,M,49173
223242,Pell,Leszek,M,63339
441893,Edelhoff,Ziyad,M,55780
407081,Swift,Heeju,F,47578
48349,Bultermann,Toong,F,74499
448916,Swen,Bojan,M,40000
202280,Deyuan,Feiyu,F,41291
69969,Mellouli,Ekawit,M,98996
207413,Sommen,Syozo,M,40000
224271,Salverda,Hideo,M,53708
94829,Daescu,Uno,M,54262
202330,Suri,Tadanori,F,52364
431693,Billingsley,Shaunak,M,73237
19818,Ventosa,Ashish,M,40000
93207,Pearson,Sashi,F,53896
212234,Coombs,Ramalingam,F,54660
437528,Luff,Pranay,M,40000
219181,Hertweck,Udo,F,46889
258454,Parascandalo,Bezalel,F,49400
30721,Kulisch,Dzung,F,40000
203269,Velardi,Isaac,M,53754
221008,Ramalingam,Shrikanth,F,47121
464171,Kossowski,Ravishankar,M,40000
50322,Larfeldt,Perla,M,40000
422721,Irland,Kannan,F,48546
65532,Miara,Joydip,F,45800
203574,Biron,Aleksander,F,40000
433368,Lakshmanan,Fatemeh,F,49182
63638,Chepyzhov,Adib,F,40000
21904,Usery,Alenka,F,40000
264327,Speer,Kristen,F,56049
470601,Bahk,Abdelghani,M,50503
462007,Smeets,Rasiah,M,40000
222376,Pettey,Yagil,F,40732
30475,Orlowski,Weicheng,F,46081
450325,Bottner,Kiyomitsu,M,70858
482188,Panwar,Akemi,M,56760
93049,Ananiadou,Christoper,F,45717
267004,Ghalwash,Teunis,M,42089
24584,Nitta,Salvador,M,48248
492691,Baak,Sreekrishna,F,61461
245630,Vilarrasa,Fumiya,M,51924
54684,Kawashimo,Arto,F,80404
408408,Jiafu,Ramzi,M,42802
99806,Cannard,Zhiwei,F,41577
445676,Imataki,Morrie,M,68230
105757,Ulupinar,Mary,M,40000
227022,Zlotek,Sachin,F,51880
488141,Hambrick,Kristen,M,69816
95239,Stifter,Jongsuk,M,40000
249120,Streng,Achilleas,F,57484
44829,Biros,IEEE,M,45760
476667,Braunmuhl,Ravishankar,M,47731
274870,Streit,Sudharsan,F,43794
268741,Belinskaya,Venkatesan,M,73321
451999,Worfolk,Tadahiko,F,53223
233133,Chenney,Menkae,F,65015
403428,Lund,Licheng,M,40000
241222,Bahr,Zhongwei,M,100265
433289,Khamsi,Selwyn,M,57060
452075,Wallrath,Phuoc,M,50929
452915,Kowalchuk,Goa,F,55703
403370,Erdmenger,Phillip,M,40188
208110,Hashii,Abdulla,F,63659
42948,Bellone,Youngkon,F,40000
249648,Staelin,Sreekrishna,M,48847
87749,Penz,Susumu,M,76362
217003,Busillo,Fumiya,M,51570
478421,Monkewich,Tiina,F,92359
411456,Crabtree,Pradeep,F,48088
209386,Zucker,Bartek,F,40000
495111,Stavenow,Yannik,M,45764
276185,Chaudhuri,Taiji,M,56565
412999,Stasinski,Xiong,M,69275
471661,Picaronny,Saeed,M,42126
291144,Hutter,Boriana,M,64355
492020,Landherr,Vojin,F,58026
417141,Belinskaya,Mandell,M,83761
241861,Heydon,Moto,M,50415
71266,Sgarro,Krassimir,F,51474
211689,Karner,Uli,F,40000
79988,Beeson,Tsutomu,M,56886
38211,Colorni,Franziska,M,40000
74932,Borovoy,Kish,M,46119
233753,Flexer,Wayne,M,53021
239401,Denny,Bernardo,F,40000
282401,Ghemri,Maya,M,40000
260075,Choobineh,Herb,M,40000
83266,Brattka,Luigi,M,40000
441813,Basagni,Nectarios,F,72859
434080,Pettis,Tru,F,45095
446241,Schrooten,Oscar,M,40000
228013,Armand,Dipankar,M,60639
494505,Xiaoshan,Valter,M,58337
470872,Clouatre,Feipei,M,40000
410290,Stille,Niteen,M,48526
39799,Garnham,Sariel,F,40000
289521,Sooriamurthi,Miyeon,M,67569
66497,Valtorta,Pranay,M,40000
287080,Plotkin,Radhika,M,49984
33206,Barreiro,Zhiwei,F,40000
449690,Kohling,Shahid,F,42901
439571,Bazelow,Munir,M,52539
51350,Serna,Gil,M,48250
241795,Bernardinello,Phillip,M,51789
229944,Kroft,Zsolt,M,90163
94926,Bresenham,Urs,M,56251
255984,Kulisch,Stein,M,40000
210425,Fujisawa,Percy,M,51884
469182,Lipner,Rildo,M,41927
273452,Pargas,Utz,M,40000
90741,Bharadwaj,Kristinn,F,65022
424392,Baek,Amabile,F,81056
267478,Bottner,Yakkov,M,40000
93828,Ertl,Maha,M,40000
273024,Lortz,Spyrose,M,52126
464594,Ranst,Almudena,F,53500
211191,Zaiane,Gilbert,M,40000
420646,Randt,Vishwani,M,40000
471117,Awdeh,Berto,M,61943
476366,Kobara,Sigeru,M,89006
285303,Kroft,Premsyl,M,44093
59237,Lundstrom,Gen,M,49993
296483,Ohori,Divine,F,48914
489271,Strehl,Maia,F,40000
218099,Lorcy,Ramachenga,F,40000
230268,Murtha,Moheb,M,45728
232896,Atrawala,Dzung,M,64080
208615,Porotnikoff,Dante,M,63885
103589,Fujisaki,Ipke,M,80369
299441,Billawala,Qunsheng,F,65394
109409,Coorg,Xumin,M,61414
27679,Lindqvist,Kerryn,M,40000
77989,Conte,Kristina,M,53394
224603,Gurbaxani,Hilary,M,66167
105633,Androutsos,Dmitry,M,40000
204422,Uehara,Huai,M,59979
203932,Tasistro,Sanjoy,M,78628
100805,Dulay,Serge,M,44637
65303,Meszaros,Aiman,M,52849
261795,Farris,Zeljko,M,40000
284009,Dratva,Alain,M,92107
474940,Zirintsis,Bernt,F,65902
95048,Asser,Kitty,M,40000
436092,Picht,Mihalis,F,52964
408197,Zultner,Dietrich,F,62032
215466,Crelier,Manohar,M,40000
269599,Besancenot,Shai,M,55855
452648,Shokrollahi,Xiahua,M,40000
293144,Huhdanpaa,Junichi,M,61140
476074,Ballarin,Margo,F,40420
432884,Miculan,Chaoyi,M,87823
473571,Walstra,Alselm,F,58174
490776,Perna,Kokou,M,75736
480074,Fritzsche,Shichao,M,47454
226657,Fadgyas,Subhrajyoti,M,72189
451332,Schwartzburd,Hugo,F,40000
230458,Laventhal,Peer,F,64408
428094,Savasere,Poorav,M,51318
460010,Masada,Marl,F,46545
459526,Valette,Peer,M,40000
278801,Bultermann,Adib,F,50491
28502,Azevdeo,Thodoros,F,40000
202663,Legleitner,Mads,M,58604
468130,Siksek,Marit,M,81173
84117,Zirintsis,Flemming,M,58560
243221,Schauser,Gio,M,40000
22305,Rosar,Weidon,F,68290
418783,Beznosov,Takanari,M,41561
472290,Vesna,Luerbio,M,40000
427886,Ozeri,Sham,F,40000
457733,Merkl,Bezalel,F,61611
489830,Camarinopoulos,Shahar,M,87291
65915,Waschkowski,Ortrud,M,40000
54259,Anily,Snehasis,F,53001
457756,Speckmann,Shridhar,M,40977
204172,Valette,Xuejun,F,40000
24910,Pargaonkar,Bernardo,M,40000
435255,Snedden,Taisook,F,40000
85549,Levasseur,Volkmar,F,68721
203597,Lagarias,Mona,F,40000
472169,Scharstein,Marla,M,52791
104731,Azuma,Sarita,M,40000
426784,Taubenfeld,Keung,M,58302
206682,Heuter,Sorina,M,81781
401463,Bernardeschi,Moriyoshi,M,57047
95609,Chiodo,Mokhtar,F,55793
480100,Goldhammer,Goa,M,57611
33270,Ebeling,Chanjung,M,64195
76902,Porenta,Ramachenga,F,52167
430968,Sgarro,Guttorm,F,70979
254823,Streit,Serif,M,40000
227970,Hitomi,Nidapan,M,40000
241688,Kinley,Bouchung,M,49184
445150,Dehkordi,Shaibal,M,84723
257398,Riexinger,Bogdan,F,40000
282114,Piancastelli,Harngdar,F,40000
423381,Farrag,Tayeb,M,40000
77705,Georg,Filipe,F,40000
10098,Servieres,Sreekrishna,F,40000
238240,Nilsson,Jianhua,M,50942
448579,Cromarty,Gian,M,56194
26663,Bierman,Duangkaew,M,40000
55860,Wolniewicz,Vishwani,M,49476
241721,Chinal,Toshiko,M,40000
430706,Jansen,Dines,F,45189
109326,Georg,Xiaoqiang,F,50472
423170,Sidhu,Nidapan,F,46024
298033,Verhoeff,Parto,M,101798
210879,Denny,Nathan,M,58363
86261,Thibadeau,Cristinel,M,41449
210212,Vitiello,Jongsuk,F,40000
280586,Kumaresan,Demin,M,48287
423809,Pfau,Atilio,F,84812
56436,Gornas,Weiyi,F,40000
242706,Isaak,Anestis,M,40000
493160,Chinin,Tze,F,56034
23318,Pappas,Chenxi,F,40000
62151,Marakhovsky,Shuichi,M,40000
415730,Delgrossi,Gadiel,M,40000
95175,Cyne,Marit,F,40000
461985,Terkki,Joydip,M,49647
56169,Zlotek,Jeanne,F,50798
100690,Kushner,Perla,M,52792
495073,Fontan,Toshimori,M,51291
91671,Garrabrants,Hailing,M,80874
408295,Auyong,Vugranam,M,51797
276842,Sooriamurthi,Khedija,M,40000
466297,Ramras,Jaques,M,72146
86081,Iwayama,Valery,M,53594
299472,Doering,Macha,F,40000
423973,Hashii,Anneli,M,62859
32303,Merli,Bodh,M,56708
455549,Rissland,Christoph,M,40000
258611,Conia,Moti,F,65845
408581,Delgrossi,Marek,F,40000
219435,Birnbaum,Zejun,F,59326
21857,Kusakari,Kellyn,M,56189
101298,Conia,Mabhin,M,89101
58824,Baalen,Claudi,M,40000
232004,Schneeberger,Guenter,M,40000
222444,Bruckman,Kazuhide,M,40000
235864,Akaboshi,Abdelkader,M,73266
93824,Mattern,Qingxiang,F,69448
252166,Avouris,Maja,M,40000
72217,Lanphier,Xumin,M,45621
269926,Mukaidono,Boriana,F,40000
88763,Khamsi,Hein,M,40000
249074,Avouris,Kristen,M,51196
472338,Kusakabe,Sverrir,F,40000
487286,Copas,Insup,F,53014
62003,Milicic,Murthy,F,53939
247457,Matzke,Masami,F,40000
435268,Akiyama,Mingdong,M,40000
66125,Begiun,Waiman,M,44301
216946,Highland,Oguz,M,62664
64494,Riesenhuber,Dipankar,F,40000
442205,Hambrick,Sarita,M,40000
64038,Poulakidas,Yuriy,F,59014
226146,Syrzycki,Shichao,M,54916
104078,Morrow,Ayonca,M,67232
28496,Mellouli,Xudong,F,40000
233368,Engberts,Jacopo,M,40000
459578,Peac,Tooru,F,65310
456670,Conti,Shuzo,M,51573
265417,Sidje,Marin,F,61169
404471,Angiulli,Weijing,F,40000
466882,Kilgour,Aruna,M,61188
216540,Lores,Tsvetan,M,40000
248503,Lundstrom,Nikolaos,M,40000
54015,Cusworth,Elgin,M,40000
297335,Ressouche,Hidefumi,M,40000
77298,Flasterstein,Naraig,F,77489
252390,Kopetz,Abdulah,M,40000
493148,Attimonelli,Eishiro,M,40000
206174,Boguraev,Vidya,M,40000
207884,Pettit,Teunis,M,40000
414696,Hanabata,Oscar,F,80152
98632,Gajiwala,Kankanahalli,M,40000
454460,Pell,Along,M,40000
208607,Rajala,Gal,M,81741
91130,Shihab,Kinh,M,51630
82368,Hanabata,Hatim,M,40000
200095,Kobuchi,Isamu,F,70996
79008,Covnot,Sachio,M,41946
430534,Walston,Ghassan,M,50866
212101,Merro,Niclas,M,40000
28745,Harbusch,Pranas,F,42343
282979,Steinauer,Shen,M,41146
59909,Narlikar,Shugo,F,40000
483752,Remmers,Reinhold,M,48562
493198,Farrar,Elliott,M,68468
428879,Tzvieli,Luisa,F,40000
108157,Belinskaya,Wayne,M,44811
92565,Schurmann,Eldridge,M,40000
259040,Danlos,Saddek,M,46309
32727,Shinomoto,Alper,F,42812
251521,Usdin,Chikako,M,44861
499615,Gajiwala,Breannda,F,59703
207094,Dusink,Pramod,F,40000
50107,Cardazo,Pramod,M,54884
251038,Scallan,Zeydy,M,40000
18551,Rijsenbrij,Oguz,M,40000
494834,Karcich,Debatosh,F,86012
247063,Madeira,Frederique,F,57843
499346,Terlouw,Jeane,M,45287
446883,Ishibashi,Geoff,F,74289
422105,Zykh,Yongdong,M,78767
14655,Segond,Jingling,M,65742
48996,Gelosh,Navin,M,45007
44020,Sevcikova,Munenori,M,61450
71134,Fiutem,Premsyl,F,76973
493569,Salvesen,Mikhail,M,57276
244878,Syrotiuk,Denny,F,40000
400726,Staylopatis,Tonny,F,40125
84839,Masamoto,Ulises,F,77524
25755,Setiz,Aria,M,40000
91848,Hemaspaandra,Jamaludin,M,40000
15284,Hiraishi,Maja,M,81080
290455,Pokrovskii,Nectarios,F,43612
282839,Erni,Kwangjo,M,108415
211339,Wixon,Georgi,F,40000
480019,Waschkowski,Masoud,M,54669
282995,Cardazo,Tetsushi,M,73725
106261,Khalil,Zhonghua,M,45806
231084,Perly,Ennio,F,40000
11885,Velasco,Sandeepan,M,43445
254812,Vrecion,Ortrud,F,51143
288428,Kushnir,Pranas,F,40000
430167,Pluym,Supot,M,40000
82228,Ghelli,Matk,M,101174
218813,Salverda,Xiaoqiu,M,50720
447604,Dayang,Ibibia,F,40000
206420,Codenie,Mang,M,52271
426872,Koprowski,Richard,M,59794
425738,Rusmann,Nechama,F,43695
226602,Pokrovskii,Miyeon,F,60533
36697,Solares,Bluma,F,81315
70447,Dayana,Behnaam,M,40000
297792,Oberman,Adas,F,79209
418937,Mitsuhashi,Sashi,F,52052
431890,Lorcy,Boriana,F,44927
449958,Godskesen,Richard,M,40000
497394,McFarlan,Kshitij,F,73827
28710,Portugali,Ranga,M,44639
489052,Alencar,Bilhanan,F,40000
293566,Lukaszewicz,Shrikanth,M,40000
407316,Flowers,Basim,M,42321
439251,Cannane,Navid,F,40000
75164,Versino,Barton,F,40000
261093,Goodrum,Yoshimitsu,M,75057
104876,Zucker,Adamantios,F,61599
76816,Terlouw,Aamod,M,42142
54932,Munoz,Kamakshi,F,61454
224417,Hempstead,Parto,M,44625
423658,Theuretzbacher,Persi,F,68154
268838,Jumpertz,Mabry,F,40000
200422,Zirintsis,Shaunak,M,71185
102128,Rothe,Shuho,F,40000
212878,Motley,Kristof,F,44786
35948,Sifakis,Serge,F,61947
272755,Butterworth,Shrikanth,M,54924
478663,Valtorta,Vojin,M,57138
215235,Curless,Dayanand,F,49868
261244,Ambroszkiewicz,Bodo,M,47358
490825,Ramamoorthy,Filipe,M,58975
271548,Demizu,Kiyokazu,M,78219
249230,Danlos,Nahid,M,94001
206229,Bauknecht,Xuedong,F,49421
405046,Kakkad,Charmane,M,45686
465852,Hanratty,Gonzalo,M,40000
406277,Paludetto,Siamak,F,77548
228522,Straney,Luise,F,40000
462358,Marchesini,Dipayan,M,60215
292399,Apsitis,Susanne,F,58888
31315,Herath,Pramod,F,40000
460900,Sankaranarayanan,Berna,M,40000
71123,Langford,Sigeru,M,77366
494470,Cools,Marjo,M,40000
109419,Eastman,Odysseas,F,51833
267630,Docker,Kamakshi,M,53790
14256,Ferriere,Gino,F,46348
71967,Casperson,Olivera,M,75924
210875,Weisert,Mahendra,F,40000
425730,Wendorf,Boriana,M,40000
278835,Limongiello,Sadun,F,50550
57697,Farris,Mart,F,40500
210291,Stenning,Tze,M,50481
416575,Olano,Shai,F,65555
276661,Melter,Serge,M,41349
297761,Narahari,Mario,F,69074
277073,Rajaraman,Demin,M,60894
93545,Syang,Naftali,M,59565
466998,Syang,Fabrizio,M,54746
25477,Birta,Lijia,M,48618
474336,Naudin,Mohit,M,60410
37423,Borstler,Karlis,M,40551
100822,Swift,Piyush,F,40000
290203,Bolsens,Aris,F,40000
106620,Pusterhofer,Sailaja,M,40000
429073,Awdeh,Val,M,51717
269547,Perz,Pragnesh,M,66211
255799,Katalagarianos,Jordanka,M,40000
108001,Gecseg,Alejandro,F,45883
279287,Ranum,Uli,M,40000
234205,Bernini,Magdalena,M,72104
91473,Kuzuoka,Gadiel,M,40000
75727,Miculan,Marko,F,63750
16514,Luiz,Przemyslawa,F,43183
420163,Krupka,Bernice,F,43753
219043,Bondorf,Hairong,M,58418
299515,Hutter,Reinhold,F,58078
204833,Skafidas,Edwin,F,53620
450482,Goldhammer,Pramod,F,47928
490958,Matzov,Ger,F,40000
221345,Wielonsky,Xiaobin,F,40000
454314,Maraist,Yoshinari,M,53494
101745,Slutz,Yakichi,F,40000
69073,Pearson,Uwe,M,59708
54728,Polupanov,Xudong,M,40000
274736,Farrag,Ziya,M,54393
442684,Reinhard,Alair,F,40000
432533,Pileggi,Kazuyasu,M,42643
456756,Copas,Monique,M,40208
203141,Trystram,Hitomi,M,46324
477386,Marchesini,Mitchel,M,43808
207806,Alameldin,Limsoon,F,73786
46645,Ramsay,Shuzo,F,70739
77846,Kitsuregawa,Shooichi,F,52165
442798,Smailagic,George,M,43835
42572,Ramalingam,Mads,M,42040
203287,Cronan,Yahiko,M,48152
62161,Zuberek,Yakichi,F,69163
76098,Kambil,Shin,M,40000
44320,Skrikant,Kien,M,56605
261794,Dulli,Mingdong,M,54564
402419,Gurbaxani,Hiroyasu,M,80384
42274,Grospietsch,Gal,M,40000
17548,Fujisaki,Xuedong,M,64350
466968,Kitai,Lene,F,42164
419189,Minakawa,Fei,M,43811
33978,Alpay,Maren,M,67149
244804,Serre,Beshir,M,49348
250065,Azadmanesh,Fumiko,M,65644
210670,Ranst,Hugo,F,47805
200833,Perl,Ottavia,M,50469
446623,Angelopoulos,Beshir,M,73626
489849,Perly,Gennadi,F,42790
207955,Pillow,Geoffry,F,83138
216283,Capobianchi,Sorina,M,40000
438089,Terkki,Kensei,M,40000
217885,Chepyzhov,Pasqua,M,70094
277453,Basawa,Abdelwaheb,F,40000
31324,Pehl,Hsiangchu,M,40000
207160,Herbst,Christoper,F,40000
290348,Jakobus,Becky,M,40000
59155,Crooks,Larisa,F,40000
406849,Leppanen,Doohun,F,40000
23810,Fritzsche,Barry,M,40000
485639,Lorin,Arumugam,M,40000
438267,Sichman,Malu,M,44058
105846,Demos,Moto,F,43975
108003,Lieblein,Xiahua,M,40000
460260,Zweizig,Lillian,M,57256
297723,Rathonyi,Malu,F,40000
412579,Chenney,Sariel,F,40000
91959,Rahimi,Tianruo,M,64109
212125,Rossi,Xuedong,M,40000
77585,Rossi,Ennio,M,40000
498034,Boyle,Khedija,M,40000
107161,Leuchs,Shawna,F,81085
60602,Fiebach,Mara,F,55483
402902,Rodier,Aram,F,65313
84549,Morrin,Remco,F,60868
45493,Itzigehl,Oscar,F,73207
447561,Hedayat,Constantine,F,71063
238633,Tomescu,Masali,M,58404
481565,Makrucki,Hilary,M,63520
88561,Homond,Honglan,F,88287
407265,Cooley,Weidon,M,50152
55127,Kugler,Volkmar,M,70242
225640,Heping,Elrique,M,53702
221087,Suppi,Tsz,M,77031
67731,Gips,Khue,F,71105
426768,Ranka,Marl,F,40000
57740,Osgood,Georgi,M,67944
48766,Ernst,Martien,M,40000
17687,Undy,Lucian,M,54411
263221,Cichocki,Aruna,M,50773
270047,Oehlmann,Kerryn,M,40000
32908,Thiria,Ramzi,F,40000
413720,Madeira,Ramachenga,F,40000
95531,Petersohn,Monique,M,79848
84704,Maliniak,Niclas,M,75424
478874,Lovengreen,Toshiki,F,40000
73198,Goldhammer,Goo,M,88005
400502,Porotnikoff,King,M,55726
17456,Taneja,Peer,F,42713
90762,Choobineh,Paris,F,40000
400449,Templeman,Poornachandra,F,49544
414867,McAffer,JiYoung,M,40000
413598,Lunn,Boriana,F,66822
461762,Speer,Yechiam,M,48503
412308,Zhiwei,Chiradeep,M,40000
489096,Gimarc,Xiaobin,F,46877
246455,Lindenbaum,Christ,F,65952
472430,Pellegrinelli,Lalit,F,82716
415445,Hashii,Xiaoqiang,M,55311
464213,Gubsky,Vitali,M,66129
57588,Crouzet,Shugo,M,48254
268266,Mateescu,Shir,M,51647
434648,Majewski,Bowen,M,40000
247991,Madeira,Zejun,M,40000
201594,Figueira,Isaac,M,40000
266842,Stifter,Houman,M,53503
98744,Iisaku,Geraldo,M,55223
71610,Landherr,Kwangsub,F,62212
27805,Ranon,Shay,F,53638
39227,Terlouw,Moss,M,40000
244760,Maccarone,Jiann,F,64159
273372,Back,Arumugam,F,54874
444692,Heuter,Sham,M,78397
439365,Sadowsky,Kitty,M,71995
450288,Braunschweig,Angus,M,40000
20476,Serov,Niranjan,M,82040
454550,Zweizig,Ravishankar,F,49910
109066,Zweizig,Margo,F,44471
217511,Harnett,Baoqiu,F,48725
498747,Sooriamurthi,Chiradeep,F,59094
47627,Harbusch,Alejandra,F,64005
466515,Bondorf,Shigehiro,M,40000
10902,Perly,Inderjeet,M,44359
58534,Jayawardene,Beshir,M,85087
89616,Tchuente,Samphel,M,40000
261654,Schach,Uli,F,42965
59827,Melton,Heping,M,48986
56217,Zizka,Gao,M,59376
79184,Peot,Mani,F,40000
441718,Brodal,Muneo,F,63949
470051,Azadmanesh,Susanne,M,40000
413315,Bellone,Monique,M,76209
233547,Dichev,Masali,M,97112
277823,Keirsey,Carrsten,F,40000
434940,Demir,Gianluca,F,49432
497061,Bardell,Phuoc,M,42068
288274,Alblas,Selwyn,F,40000
459235,Krichel,Rafael,M,40000
478177,Hofman,Leaf,M,40000
21992,Tetzlaff,Yurii,M,52037
85028,Heydon,Ebru,F,78598
479750,Siochi,Bernt,M,40000
464739,Fiutem,Chinya,M,68809
25470,Sifakis,Tze,M,58403
85712,Conte,Fumitake,M,63476
464370,Yetim,Pranas,F,49443
459137,Silva,Tadahiro,F,40000
215275,Lenart,Thanasis,F,51267
271698,Ranta,Shao,F,69194
244205,Hofting,Conor,F,40000
473793,Serra,Petter,M,40000
270413,Kirkerud,Rafael,M,70134
426593,Fontan,Masami,F,44565
433872,Nannarelli,Feiyu,M,63108
12337,Murtha,Leaf,M,56100
225869,Mikschl,Venkatesan,F,40000
432538,Matzat,Isaac,F,62840
87578,Antonisse,Gopalakrishnan,M,40000
471471,Morton,Greger,M,43045
469384,Nivat,Shahab,F,59229
100179,Showalter,Gennadi,F,73848
477975,Capobianchi,Nahum,F,58490
209012,Karunanithi,Vasilii,M,40000
257782,Walston,Vishwani,F,49258
475777,Cheshire,Vidar,M,44066
58957,Luft,Feiyu,M,41351
67552,Eiron,Serap,F,40905
401837,Berendt,Denis,F,56472
438101,Brookman,Fumitake,F,45407
32474,Eterovic,Sariel,F,63082
455977,Beidas,Sanjay,F,81801
277918,Serov,Shridhar,F,40000
33736,Koyama,DeForest,M,55845
89205,Panangaden,Persi,M,40000
224235,Kumaresan,Mohamadou,M,66168
38353,Polajnar,Marsha,M,40000
24480,Glinert,Yucel,M,44990
53896,Trogemann,Chinya,M,42009
476138,Genther,Ioana,M,45460
485055,Zyda,Cullen,F,40000
254616,Baek,Kristin,F,80855
51878,Braunmuhl,Goh,M,40883
406689,Dredge,Yolla,M,45699
402081,Bail,Tianruo,F,44064
278139,Merli,Susanna,M,40000
85604,Merlo,Hiroyasu,M,65215
467121,Gimarc,Irena,M,85925
44370,Hardjono,Jaana,M,60328
238882,Msuda,Huei,F,40878
87258,Compeau,Phillip,F,57861
450692,Segond,Chinhyun,M,57354
237687,Navazio,Byong,M,46870
93168,Ligten,Xuedong,M,44306
478608,Hemaspaandra,Aemilian,M,40000
218202,Demke,Bedir,M,40000
499647,Hemaspaandra,Mohamadou,M,40000
201917,Billingsley,Arlette,M,55961
109509,Conte,Yurij,F,50144
228805,Perry,Matt,F,61979
475124,Schnelling,Dipankar,F,48649
202743,Businaro,Danel,M,41166
489399,Bardell,Constantine,M,67045
484986,Ruther,Luisa,F,40000
475631,Shigei,Goo,M,40000
106787,Lally,Naftaly,M,58678
35611,Ramsak,Khue,M,55043
232763,Thorelli,Zijian,M,40000
48622,Kossowski,Shahab,F,40000
229788,Lund,Yuichiro,M,40097
454876,Granlund,Xiahua,F,40000
415636,Danecki,Danel,M,80721
400225,Erev,Ekawit,M,73747
490807,Jakobus,Dietrich,F,40000
74303,Ramaiah,Shawna,F,64210
443854,Lung,Hilari,F,40000
494580,Sethi,Shim,M,84159
292210,Huhdanpaa,Masaru,M,57954
264425,Kavanagh,Bojan,F,54846
90321,Selvestrel,Lijia,M,51398
27758,Perfilyeva,Basant,M,40000
459501,Demri,Hairong,M,83683
288594,Rabehasaina,Rildo,F,45947
475535,Chelton,Jianhui,M,54660
60130,Menhardt,Hiroyasu,M,40000
15106,Gornas,Rutger,F,60123
492790,Gargeya,Kasturi,M,46428
224421,Luit,Evgueni,F,40000
464056,Denos,Cheong,M,50165
290098,Dymetman,Youssef,F,66327
255616,Rothe,Uzi,M,49282
433458,Taubman,Vishu,M,40000
221584,Kropp,Xuejia,M,70708
29461,Krychniak,Shridhar,F,40000
468143,Dalphin,Keung,F,40000
247609,Perko,Chinho,F,40000
85168,Sevcikova,Maik,M,40000
296600,Muhling,Jiann,M,59144
225162,Bala,Kwangho,F,45138
50732,Greibach,Woody,M,67266
251885,Pesch,Danny,M,44924
463240,Alpin,Temple,F,58736
58792,Bahl,Georgy,M,44226
435849,Borovoy,Fay,F,40000
211796,Socorro,Duangkaew,M,66146
59863,Montresor,Dannz,M,40000
446664,Butner,Masaru,M,52608
265170,Snedden,Navid,M,40000
201297,Hennebert,Chaosheng,F,67352
90571,Maccarone,Collette,M,50635
279293,Shackel,Tru,F,42502
448261,Winter,Kwangjo,M,64931
64932,Ramsay,Suvo,M,75572
84369,Sidou,Fuqing,M,40000
21109,Chenoweth,Lech,F,56522
263138,Provine,Phuoc,F,48147
453811,Shimshoni,Mountaz,F,88904
207678,Gargeya,Claude,F,47288
200121,Erdi,Bangqing,F,76446
266263,Kopetz,Arno,F,45552
403732,Matheson,Masanao,M,40000
438253,Crelier,IEEE,F,53726
407920,Leijenhorst,Quingbo,M,43710
469293,Koyama,Phule,F,79477
42462,Dengi,Zongyan,F,40000
49891,Luft,Mohua,M,47429
429678,Benveniste,Wojceich,F,53226
254972,Dredge,Mihalis,F,40000
88263,Merro,Suebskul,M,44705
412256,Anguita,Maria,M,45278
231753,Gimarc,Honesty,F,40000
436872,Babu,Eben,M,40238
255870,Pews,Mana,M,52165
91349,Takanami,Hidde,M,83955
469117,Yetto,Kazunori,F,40000
58123,Isard,Zhaofang,F,75236
83075,Unni,Pradeep,M,73234
26527,Brizzi,Chriss,M,47179
454001,Kieras,Danny,F,64351
484214,Chenney,Mansur,M,40000
433975,Chinen,Arlette,M,66447
260427,Jervis,Munehiro,M,40000
465006,Besselaar,Patricia,F,53279
408540,Hebert,Danae,F,40000
461251,Trystram,Jenwei,F,60952
104505,Parascandalo,Maren,F,40000
49050,Lemarechal,Feiyu,F,64592
219068,Maliniak,Mara,M,46534
265958,Marchesini,Barry,F,55048
31719,Caine,JoAnne,M,70273
274492,Zeilberger,Malu,M,59356
203041,Sessa,Djelloul,M,53026
253700,Comyn,Masasuke,M,40000
256240,Wursthorn,Danco,F,44275
19396,Khalil,Siamak,F,61181
471004,Baalen,Larisa,M,50381
470886,Ambroszkiewicz,Mong,M,40686
50898,Varley,Stein,M,41925
273516,Ghazalie,Hilary,M,40000
256028,Mandell,Barna,M,40000
265201,Walstra,Lakshmi,M,40000
226318,Guerreiro,Woody,F,40000
68119,Emiris,Fumiyo,F,40000
208581,Colorni,Naftaly,M,40000
239128,Gulik,Bernice,M,75383
92972,Ramamoorthy,Marjo,M,41684
104170,Khalid,Marsal,F,50492
35654,Millington,Shaowei,M,55486
496552,Castellani,Marin,F,40000
282632,Braunschweig,Gaurav,F,40000
41000,Khamsi,Vatsa,M,45164
51200,Ozeri,Gaurav,F,49313
454737,Maquelin,Kiam,F,69278
77521,Peot,Mari,M,53701
292390,Schahn,Boaz,M,40000
229673,Tomescu,Saniya,M,72847
473730,Sudbeck,Shaowei,M,90441
493593,Iivonen,Uri,M,58322
13417,Condotta,Dipayan,M,53074
34702,Eppinger,Denny,M,40000
209378,Heemskerk,Sampalli,M,85013
98776,Waymire,Fay,M,40000
488589,Farrow,Dietrich,M,72321
266291,Kaltofen,Mayumi,M,48207
463935,Haldar,Izaskun,M,65203
242530,Rahier,Chaitali,M,46166
492379,Detkin,Bernd,F,55384
40811,Farrar,Reinhard,M,40000
249177,Stille,Leen,M,40000
88634,Adachi,Radhakrishnan,M,40000
203948,Barreiro,Yishay,F,48754
12124,Schaaf,Jingling,M,50872
404242,Zwicker,Gudjon,M,40000
457023,Schlenzig,Mayuri,F,84225
10854,Nannarelli,Jagoda,M,40000
248771,Lyonns,Kirk,M,40000
209992,Tempesti,Steve,M,61570
483023,Merle,Kannan,F,46012
206600,Businaro,Karsten,M,40000
219634,Pillow,Moon,F,92024
71910,Schnelling,Domenick,M,40000
414022,Katiyar,Byong,F,43509
98204,Conia,Jaewon,M,47167
413987,Cairo,Kagan,F,40000
96395,Orsini,Adas,M,50174
95144,Shokrollahi,Remzi,M,58841
487460,Mitchem,Toong,F,47424
459034,Kavraki,Khatoun,F,42992
493689,Maliniak,Itzchak,M,48925
259455,Verhoeff,Muneo,F,40000
234687,Beilner,Ravishankar,F,40000
85216,Rosiles,Ferdinand,F,50873
25960,Oskamp,Dietrich,F,50362
453313,Dulay,Navin,M,49186
293349,Kroft,Armond,F,71891
33953,Hainaut,Fayez,M,42374
76089,Kilgore,Remzi,M,68604
293627,Szilard,Keiichiro,M,64487
30198,Arlazarov,Saeed,M,40000
434765,Fadgyas,Kazunori,F,55898
103286,Conia,Jordanka,F,40000
291247,Bage,Khun,M,83335
442466,Jiafu,Subir,M,59782
400133,Shihab,Annemarie,M,40000
428326,Vidya,Masaru,F,45829
470020,Anily,Otmar,M,56322
54093,Ossenbruggen,Berni,M,41284
104238,Desikan,Shao,F,90560
472871,Brookman,Kellyn,F,40000
247279,Radwan,Monique,F,42908
477191,Frezza,Ronnie,M,40000
211748,Matteis,Stafford,M,40000
37418,Hemaspaandra,Bojan,F,46091
249771,Eugenio,Rildo,F,40000
453057,Lung,Hilari,M,58470
246415,Fasbender,Souichi,F,59848
410427,Smailagic,Aram,M,65532
443593,Frolund,Make,M,59310
200764,Nitsch,Yongmao,M,40000
35543,Boudaillier,Alejandro,F,50904
436081,Whittlesey,Jaideep,M,68780
273876,Sethi,Naraig,F,90946
23396,Fairtlough,Hilari,F,55806
489995,Beeson,Arumugam,M,82719
